cohorte,sector,edad,en_riesgo,tasa_acum_pct
2001,11,36,432,0.6944
2001,11,60,432,4.3981
2001,11,84,432,12.2685
2001,21,36,73,8.2192
2001,21,60,73,8.2192
2001,21,84,73,10.9589
2001,22,36,29,0.0
2001,22,60,29,0.0
2001,22,84,29,0.0
2001,23,36,2623,2.8593
2001,23,60,2623,5.9855
2001,23,84,2623,10.3317
2001,31-33,36,4205,2.5208
2001,31-33,60,4205,5.6837
2001,31-33,84,4205,10.6302
2001,42,36,2258,2.9229
2001,42,60,2258,6.1559
2001,42,84,2258,9.9646
2001,44-45,36,7561,3.3461
2001,44-45,60,7561,7.2609
2001,44-45,84,7561,12.4983
2001,48-49,36,1015,5.6158
2001,48-49,60,1015,10.1478
2001,48-49,84,1015,15.0739
2001,51,36,589,4.4143
2001,51,60,589,7.1307
2001,51,84,589,13.073
2001,52,36,368,0.8152
2001,52,60,368,3.2609
2001,52,84,368,5.4348
2001,53,36,552,2.3551
2001,53,60,552,4.1667
2001,53,84,552,9.2391
2001,54,36,2842,3.026
2001,54,60,2842,5.5243
2001,54,84,2842,8.5855
2001,55,36,17,0.0
2001,55,60,17,0.0
2001,55,84,17,0.0
2001,56,36,1738,2.8193
2001,56,60,1738,5.4661
2001,56,84,1738,9.7814
2001,61,36,354,3.3898
2001,61,60,354,7.3446
2001,61,84,354,11.0169
2001,62,36,2777,1.7285
2001,62,60,2777,2.8808
2001,62,84,2777,4.8974
2001,71,36,728,2.4725
2001,71,60,728,5.6319
2001,71,84,728,8.9286
2001,72,36,5117,3.2441
2001,72,60,5117,6.3905
2001,72,84,5117,11.1003
2001,81,36,3982,2.5866
2001,81,60,3982,5.5249
2001,81,84,3982,9.6685
2001,unknown,36,63,12.6984
2001,unknown,60,63,14.2857
2001,unknown,84,63,20.6349
2002,11,36,535,0.1869
2002,11,60,535,7.1028
2002,11,84,535,15.1402
2002,21,36,86,1.1628
2002,21,60,86,3.4884
2002,21,84,86,4.6512
2002,22,36,33,0.0
2002,22,60,33,0.0
2002,22,84,33,0.0
2002,23,36,3078,1.7544
2002,23,60,3078,6.8551
2002,23,84,3078,9.2917
2002,31-33,36,4382,1.5974
2002,31-33,60,4382,6.5723
2002,31-33,84,4382,9.6988
2002,42,36,2658,2.0316
2002,42,60,2658,8.164
2002,42,84,2658,11.4372
2002,44-45,36,8846,1.9105
2002,44-45,60,8846,8.1958
2002,44-45,84,8846,11.7567
2002,48-49,36,1295,2.471
2002,48-49,60,1295,7.1042
2002,48-49,84,1295,10.2703
2002,51,36,654,0.9174
2002,51,60,654,6.1162
2002,51,84,654,9.1743
2002,52,36,504,0.5952
2002,52,60,504,3.1746
2002,52,84,504,3.9683
2002,53,36,675,0.4444
2002,53,60,675,4.0
2002,53,84,675,6.3704
2002,54,36,3722,1.3165
2002,54,60,3722,4.8898
2002,54,84,3722,6.7706
2002,55,36,12,0.0
2002,55,60,12,0.0
2002,55,84,12,0.0
2002,56,36,2197,1.7751
2002,56,60,2197,7.2371
2002,56,84,2197,9.695
2002,61,36,422,2.3697
2002,61,60,422,5.9242
2002,61,84,422,9.2417
2002,62,36,3608,0.7761
2002,62,60,3608,2.7993
2002,62,84,3608,4.3514
2002,71,36,908,1.2115
2002,71,60,908,5.1762
2002,71,84,908,7.489
2002,72,36,6564,1.4016
2002,72,60,6564,6.8556
2002,72,84,6564,9.7044
2002,81,36,5005,1.2587
2002,81,60,5005,6.1738
2002,81,84,5005,8.7712
2003,11,36,452,0.6637
2003,11,60,452,2.6549
2003,11,84,452,6.6372
2003,21,36,84,1.1905
2003,21,60,84,4.7619
2003,21,84,84,5.9524
2003,22,36,44,0.0
2003,22,60,44,2.2727
2003,22,84,44,6.8182
2003,23,36,3961,2.9538
2003,23,60,3961,7.5991
2003,23,84,3961,11.689
2003,31-33,36,5557,2.7353
2003,31-33,60,5557,7.0902
2003,31-33,84,5557,10.7252
2003,42,36,3652,4.299
2003,42,60,3652,9.0635
2003,42,84,3652,13.034
2003,44-45,36,11174,3.3292
2003,44-45,60,11174,9.0388
2003,44-45,84,11174,13.2182
2003,48-49,36,1740,3.6207
2003,48-49,60,1740,9.3103
2003,48-49,84,1740,13.046
2003,51,36,925,4.4324
2003,51,60,925,10.2703
2003,51,84,925,15.2432
2003,52,36,851,1.8801
2003,52,60,851,5.1704
2003,52,84,851,9.7532
2003,53,36,1081,3.5153
2003,53,60,1081,7.5856
2003,53,84,1081,11.6559
2003,54,36,5881,2.9587
2003,54,60,5881,6.8866
2003,54,84,5881,10.3044
2003,55,36,18,0.0
2003,55,60,18,0.0
2003,55,84,18,5.5556
2003,56,36,3310,3.2326
2003,56,60,3310,8.006
2003,56,84,3310,12.0544
2003,61,36,663,4.2232
2003,61,60,663,7.5415
2003,61,84,663,10.8597
2003,62,36,4519,1.6375
2003,62,60,4519,4.3594
2003,62,84,4519,6.4837
2003,71,36,1151,3.8228
2003,71,60,1151,10.1651
2003,71,84,1151,14.596
2003,72,36,7469,2.4233
2003,72,60,7469,7.8725
2003,72,84,7469,11.3268
2003,81,36,6585,2.9461
2003,81,60,6585,7.6234
2003,81,84,6585,11.4199
2003,92,36,2,50.0
2003,92,60,2,50.0
2003,92,84,2,50.0
2004,11,36,488,0.6148
2004,11,60,488,3.0738
2004,11,84,488,4.3033
2004,21,36,111,3.6036
2004,21,60,111,4.5045
2004,21,84,111,5.4054
2004,22,36,79,6.3291
2004,22,60,79,11.3924
2004,22,84,79,16.4557
2004,23,36,5667,3.0704
2004,23,60,5667,8.1172
2004,23,84,5667,15.0873
2004,31-33,36,6148,3.1555
2004,31-33,60,6148,8.2791
2004,31-33,84,6148,12.9798
2004,42,36,4648,5.4432
2004,42,60,4648,12.5215
2004,42,84,4648,18.5026
2004,44-45,36,13872,4.9524
2004,44-45,60,13872,11.5989
2004,44-45,84,13872,18.094
2004,48-49,36,2246,4.4969
2004,48-49,60,2246,9.3054
2004,48-49,84,2246,15.0045
2004,51,36,1283,5.8457
2004,51,60,1283,12.3928
2004,51,84,1283,19.0179
2004,52,36,1130,3.0973
2004,52,60,1130,10.0
2004,52,84,1130,17.2566
2004,53,36,1397,3.5791
2004,53,60,1397,8.8762
2004,53,84,1397,15.247
2004,54,36,6726,3.2114
2004,54,60,6726,7.6123
2004,54,84,6726,12.0577
2004,55,36,9,0.0
2004,55,60,9,0.0
2004,55,84,9,0.0
2004,56,36,4008,3.9421
2004,56,60,4008,9.3064
2004,56,84,4008,13.8723
2004,61,36,744,3.7634
2004,61,60,744,9.0054
2004,61,84,744,13.172
2004,62,36,5139,2.2962
2004,62,60,5139,4.9037
2004,62,84,5139,7.9198
2004,71,36,1502,4.8602
2004,71,60,1502,10.9854
2004,71,84,1502,16.1119
2004,72,36,8631,3.835
2004,72,60,8631,9.0488
2004,72,84,8631,13.7875
2004,81,36,7448,4.0145
2004,81,60,7448,9.6805
2004,81,84,7448,14.5408
2004,92,36,7,0.0
2004,92,60,7,0.0
2004,92,84,7,28.5714
2005,11,36,481,2.2869
2005,11,60,481,7.9002
2005,11,84,481,12.474
2005,21,36,139,1.4388
2005,21,60,139,5.7554
2005,21,84,139,8.6331
2005,22,36,67,0.0
2005,22,60,67,4.4776
2005,22,84,67,7.4627
2005,23,36,8173,4.5638
2005,23,60,8173,13.5813
2005,23,84,8173,22.0115
2005,31-33,36,6879,3.9977
2005,31-33,60,6879,10.9464
2005,31-33,84,6879,17.4153
2005,42,36,5078,6.8925
2005,42,60,5078,16.9752
2005,42,84,5078,24.8129
2005,44-45,36,16076,6.0401
2005,44-45,60,16076,15.3272
2005,44-45,84,16076,22.3501
2005,48-49,36,3011,6.9744
2005,48-49,60,3011,16.5726
2005,48-49,84,3011,23.4474
2005,51,36,1655,9.5468
2005,51,60,1655,19.8792
2005,51,84,1655,26.4048
2005,52,36,1368,4.6053
2005,52,60,1368,18.2018
2005,52,84,1368,27.193
2005,53,36,1713,4.4367
2005,53,60,1713,14.8278
2005,53,84,1713,23.0006
2005,54,36,8125,4.7754
2005,54,60,8125,11.7662
2005,54,84,8125,17.5262
2005,55,36,19,5.2632
2005,55,60,19,5.2632
2005,55,84,19,15.7895
2005,56,36,4806,5.8677
2005,56,60,4806,14.794
2005,56,84,4806,20.5993
2005,61,36,1009,4.2616
2005,61,60,1009,11.9921
2005,61,84,1009,17.2448
2005,62,36,5747,2.7145
2005,62,60,5747,7.0472
2005,62,84,5747,10.8056
2005,71,36,1752,5.137
2005,71,60,1752,13.4132
2005,71,84,1752,19.5776
2005,72,36,9580,4.9374
2005,72,60,9580,12.6514
2005,72,84,9580,18.2568
2005,81,36,8742,4.7586
2005,81,60,8742,12.8117
2005,81,84,8742,19.332
2005,92,36,16,0.0
2005,92,60,16,6.25
2005,92,84,16,12.5
2006,11,36,462,2.381
2006,11,60,462,10.3896
2006,11,84,462,14.0693
2006,21,36,147,2.7211
2006,21,60,147,6.8027
2006,21,84,147,7.483
2006,22,36,62,1.6129
2006,22,60,62,17.7419
2006,22,84,62,20.9677
2006,23,36,9649,8.4257
2006,23,60,9649,25.2669
2006,23,84,9649,30.9358
2006,31-33,36,6409,6.3504
2006,31-33,60,6409,18.8017
2006,31-33,84,6409,22.6244
2006,42,36,5026,12.1767
2006,42,60,5026,27.4373
2006,42,84,5026,32.5507
2006,44-45,36,15653,9.7234
2006,44-45,60,15653,24.6151
2006,44-45,84,15653,29.6109
2006,48-49,36,3752,11.2207
2006,48-49,60,3752,28.0917
2006,48-49,84,3752,32.2761
2006,51,36,1524,11.2861
2006,51,60,1524,25.3937
2006,51,84,1524,29.3307
2006,52,36,1491,10.3957
2006,52,60,1491,30.2482
2006,52,84,1491,34.8759
2006,53,36,2132,11.5854
2006,53,60,2132,31.8011
2006,53,84,2132,36.8199
2006,54,36,8632,7.6344
2006,54,60,8632,20.7947
2006,54,84,8632,24.525
2006,55,36,23,0.0
2006,55,60,23,26.087
2006,55,84,23,39.1304
2006,56,36,4813,9.8276
2006,56,60,4813,23.5612
2006,56,84,4813,28.3399
2006,61,36,999,8.7087
2006,61,60,999,19.9199
2006,61,84,999,24.8248
2006,62,36,5482,4.5421
2006,62,60,5482,11.4739
2006,62,84,5482,14.6297
2006,71,36,1764,10.1474
2006,71,60,1764,23.8662
2006,71,84,1764,27.0408
2006,72,36,9720,7.5412
2006,72,60,9720,19.7634
2006,72,84,9720,25.0309
2006,81,36,8805,7.7797
2006,81,60,8805,21.0108
2006,81,84,8805,25.7581
2006,92,36,25,8.0
2006,92,60,25,20.0
2006,92,84,25,24.0
2007,11,36,383,3.9164
2007,11,60,383,10.705
2007,11,84,383,14.3603
2007,21,36,171,8.1871
2007,21,60,171,15.2047
2007,21,84,171,16.3743
2007,22,36,68,5.8824
2007,22,60,68,22.0588
2007,22,84,68,27.9412
2007,23,36,9666,14.5148
2007,23,60,9666,31.9263
2007,23,84,9666,36.1266
2007,31-33,36,6298,10.5272
2007,31-33,60,6298,23.8488
2007,31-33,84,6298,27.5961
2007,42,36,4858,17.4969
2007,42,60,4858,32.5648
2007,42,84,4858,36.7641
2007,44-45,36,15594,14.5954
2007,44-45,60,15594,29.0689
2007,44-45,84,15594,33.5642
2007,48-49,36,4071,16.6298
2007,48-49,60,4071,33.3579
2007,48-49,84,4071,37.411
2007,51,36,1554,15.7658
2007,51,60,1554,29.601
2007,51,84,1554,33.2046
2007,52,36,1727,20.5559
2007,52,60,1727,36.6532
2007,52,84,1727,40.7643
2007,53,36,2694,21.5293
2007,53,60,2694,39.2725
2007,53,84,2694,43.3185
2007,54,36,9143,13.1248
2007,54,60,9143,26.2277
2007,54,84,9143,30.2308
2007,55,36,19,15.7895
2007,55,60,19,26.3158
2007,55,84,19,26.3158
2007,56,36,4878,14.9856
2007,56,60,4878,29.5818
2007,56,84,4878,33.2923
2007,61,36,1118,14.3113
2007,61,60,1118,28.8909
2007,61,84,1118,32.3792
2007,62,36,5513,6.2398
2007,62,60,5513,14.5837
2007,62,84,5513,17.105
2007,71,36,1838,14.7443
2007,71,60,1838,26.9314
2007,71,84,1838,30.4679
2007,72,36,9836,11.4376
2007,72,60,9836,23.6478
2007,72,84,9836,27.6739
2007,81,36,8819,12.3824
2007,81,60,8819,26.6017
2007,81,84,8819,30.7631
2007,92,36,22,27.2727
2007,92,60,22,31.8182
2007,92,84,22,31.8182
2008,11,36,334,4.491
2008,11,60,334,10.479
2008,11,84,334,14.6707
2008,21,36,138,6.5217
2008,21,60,138,10.8696
2008,21,84,138,13.7681
2008,22,36,52,15.3846
2008,22,60,52,26.9231
2008,22,84,52,30.7692
2008,23,36,6187,14.8052
2008,23,60,6187,23.7433
2008,23,84,6187,27.5416
2008,31-33,36,4513,10.5916
2008,31-33,60,4513,18.1697
2008,31-33,84,4513,21.6264
2008,42,36,3120,16.2179
2008,42,60,3120,25.9936
2008,42,84,3120,30.5769
2008,44-45,36,10410,14.2171
2008,44-45,60,10410,23.2949
2008,44-45,84,10410,28.0596
2008,48-49,36,2459,15.7381
2008,48-49,60,2459,25.3355
2008,48-49,84,2459,28.7922
2008,51,36,1021,16.6503
2008,51,60,1021,26.1508
2008,51,84,1021,29.285
2008,52,36,995,17.7889
2008,52,60,995,28.4422
2008,52,84,995,31.7588
2008,53,36,1459,17.889
2008,53,60,1459,27.6217
2008,53,84,1459,31.6655
2008,54,36,6910,15.2822
2008,54,60,6910,23.4588
2008,54,84,6910,26.657
2008,55,36,13,15.3846
2008,55,60,13,23.0769
2008,55,84,13,23.0769
2008,56,36,3095,14.1519
2008,56,60,3095,22.391
2008,56,84,3095,26.4297
2008,61,36,844,11.3744
2008,61,60,844,21.4455
2008,61,84,844,25.237
2008,62,36,4668,5.934
2008,62,60,4668,10.0471
2008,62,84,4668,13.1962
2008,71,36,1535,13.2248
2008,71,60,1535,20.7166
2008,71,84,1535,24.3648
2008,72,36,7591,10.9208
2008,72,60,7591,18.8908
2008,72,84,7591,24.0811
2008,81,36,6276,12.3168
2008,81,60,6276,20.2836
2008,81,84,6276,24.6495
2008,92,36,16,18.75
2008,92,60,16,25.0
2008,92,84,16,25.0
2009,11,36,600,1.1667
2009,11,60,600,4.8333
2009,11,84,600,6.8333
2009,21,36,95,3.1579
2009,21,60,95,9.4737
2009,21,84,95,11.5789
2009,22,36,30,10.0
2009,22,60,30,20.0
2009,22,84,30,20.0
2009,23,36,3679,6.0886
2009,23,60,3679,9.6765
2009,23,84,3679,13.3732
2009,31-33,36,3181,4.6841
2009,31-33,60,3181,8.0163
2009,31-33,84,3181,11.3801
2009,42,36,1873,5.0721
2009,42,60,1873,8.9696
2009,42,84,1873,12.6535
2009,44-45,36,5810,5.9208
2009,44-45,60,5810,9.5869
2009,44-45,84,5810,13.9071
2009,48-49,36,1322,6.9592
2009,48-49,60,1322,10.2118
2009,48-49,84,1322,13.0862
2009,51,36,579,6.9085
2009,51,60,579,9.6718
2009,51,84,579,13.6442
2009,52,36,600,3.1667
2009,52,60,600,7.1667
2009,52,84,600,8.3333
2009,53,36,733,6.2756
2009,53,60,733,9.6862
2009,53,84,733,12.1419
2009,54,36,4147,5.6426
2009,54,60,4147,8.5604
2009,54,84,4147,11.0924
2009,55,36,8,0.0
2009,55,60,8,0.0
2009,55,84,8,0.0
2009,56,36,1656,6.1594
2009,56,60,1656,9.4807
2009,56,84,1656,12.2585
2009,61,36,499,6.8136
2009,61,60,499,10.2204
2009,61,84,499,13.8277
2009,62,36,3620,2.2652
2009,62,60,3620,3.8674
2009,62,84,3620,6.5746
2009,71,36,721,4.4383
2009,71,60,721,9.57
2009,71,84,721,13.3148
2009,72,36,4203,4.7109
2009,72,60,4203,8.1608
2009,72,84,4203,13.6331
2009,81,36,3272,5.4401
2009,81,60,3272,8.9548
2009,81,84,3272,12.4083
2009,92,36,7,57.1429
2009,92,60,7,71.4286
2009,92,84,7,85.7143
2009,unknown,36,1,0.0
2009,unknown,60,1,0.0
2009,unknown,84,1,0.0
2010,11,36,760,0.7895
2010,11,60,760,2.5
2010,11,84,760,4.7368
2010,21,36,109,0.0
2010,21,60,109,0.9174
2010,21,84,109,6.422
2010,22,36,45,2.2222
2010,22,60,45,2.2222
2010,22,84,45,6.6667
2010,23,36,3875,2.8903
2010,23,60,3875,5.8839
2010,23,84,3875,8.5419
2010,31-33,36,3530,2.0397
2010,31-33,60,3530,4.3343
2010,31-33,84,3530,6.6572
2010,42,36,2262,2.5199
2010,42,60,2262,5.4819
2010,42,84,2262,8.2228
2010,44-45,36,6118,3.4488
2010,44-45,60,6118,6.8813
2010,44-45,84,6118,9.8562
2010,48-49,36,1394,2.3673
2010,48-49,60,1394,4.6628
2010,48-49,84,1394,6.7432
2010,51,36,556,2.518
2010,51,60,556,4.8561
2010,51,84,556,6.295
2010,52,36,647,2.473
2010,52,60,647,4.1731
2010,52,84,647,5.255
2010,53,36,803,1.9925
2010,53,60,803,3.8605
2010,53,84,803,5.3549
2010,54,36,4472,2.1691
2010,54,60,4472,4.3381
2010,54,84,4472,6.2388
2010,55,36,8,0.0
2010,55,60,8,0.0
2010,55,84,8,0.0
2010,56,36,1829,2.515
2010,56,60,1829,4.9207
2010,56,84,1829,7.2171
2010,61,36,572,2.2727
2010,61,60,572,3.6713
2010,61,84,572,5.4196
2010,62,36,4426,0.9263
2010,62,60,4426,2.5079
2010,62,84,4426,3.9991
2010,71,36,695,2.8777
2010,71,60,695,4.8921
2010,71,84,695,7.0504
2010,72,36,4383,2.6922
2010,72,60,4383,5.7723
2010,72,84,4383,8.8296
2010,81,36,3422,2.5424
2010,81,60,3422,5.3477
2010,81,84,3422,7.481
2010,92,36,6,16.6667
2010,92,60,6,16.6667
2010,92,84,6,16.6667
2010,unknown,36,1,0.0
2010,unknown,60,1,100.0
2010,unknown,84,1,100.0
2011,11,36,976,0.9221
2011,11,60,976,2.3566
2011,11,84,976,3.3811
2011,21,36,133,0.0
2011,21,60,133,1.5038
2011,21,84,133,3.7594
2011,22,36,30,0.0
2011,22,60,30,0.0
2011,22,84,30,0.0
2011,23,36,4233,2.008
2011,23,60,4233,4.5122
2011,23,84,4233,6.5438
2011,31-33,36,4388,0.9799
2011,31-33,60,4388,2.8715
2011,31-33,84,4388,5.0365
2011,42,36,2807,1.5675
2011,42,60,2807,3.99
2011,42,84,2807,5.7713
2011,44-45,36,6803,1.9256
2011,44-45,60,6803,4.7479
2011,44-45,84,6803,6.5265
2011,48-49,36,1660,1.6867
2011,48-49,60,1660,3.5542
2011,48-49,84,1660,4.759
2011,51,36,650,1.2308
2011,51,60,650,2.7692
2011,51,84,650,4.1538
2011,52,36,594,2.0202
2011,52,60,594,3.5354
2011,52,84,594,4.2088
2011,53,36,973,1.0277
2011,53,60,973,2.261
2011,53,84,973,2.6721
2011,54,36,4881,1.4751
2011,54,60,4881,2.9912
2011,54,84,4881,4.2819
2011,55,36,27,0.0
2011,55,60,27,0.0
2011,55,84,27,0.0
2011,56,36,1949,1.5906
2011,56,60,1949,3.5916
2011,56,84,1949,5.1821
2011,61,36,573,2.0942
2011,61,60,573,5.0611
2011,61,84,573,5.9337
2011,62,36,4804,0.7077
2011,62,60,4804,2.04
2011,62,84,4804,3.4138
2011,71,36,1001,1.7982
2011,71,60,1001,4.4955
2011,71,84,1001,7.4925
2011,72,36,5506,2.125
2011,72,60,5506,4.9764
2011,72,84,5506,6.3567
2011,81,36,3635,1.5406
2011,81,60,3635,3.4663
2011,81,84,3635,5.282
2011,92,36,5,20.0
2011,92,60,5,60.0
2011,92,84,5,60.0
2012,11,36,607,0.3295
2012,11,60,607,1.4827
2012,11,84,607,2.3064
2012,21,36,167,1.1976
2012,21,60,167,2.994
2012,21,84,167,5.3892
2012,22,36,33,0.0
2012,22,60,33,3.0303
2012,22,84,33,3.0303
2012,23,36,3836,1.6684
2012,23,60,3836,3.6496
2012,23,84,3836,5.1877
2012,31-33,36,3440,0.9884
2012,31-33,60,3440,2.4419
2012,31-33,84,3440,4.0407
2012,42,36,2404,1.6639
2012,42,60,2404,4.2013
2012,42,84,2404,6.2812
2012,44-45,36,5758,1.6846
2012,44-45,60,5758,4.3244
2012,44-45,84,5758,6.4779
2012,48-49,36,1520,1.5789
2012,48-49,60,1520,3.3553
2012,48-49,84,1520,4.4737
2012,51,36,502,2.7888
2012,51,60,502,3.9841
2012,51,84,502,5.7769
2012,52,36,528,0.5682
2012,52,60,528,0.7576
2012,52,84,528,1.5152
2012,53,36,781,0.3841
2012,53,60,781,1.0243
2012,53,84,781,3.073
2012,54,36,4101,0.951
2012,54,60,4101,2.5604
2012,54,84,4101,4.1941
2012,55,36,15,0.0
2012,55,60,15,0.0
2012,55,84,15,0.0
2012,56,36,1628,2.1499
2012,56,60,1628,3.5012
2012,56,84,1628,5.4054
2012,61,36,438,2.5114
2012,61,60,438,5.4795
2012,61,84,438,6.621
2012,62,36,3996,0.6757
2012,62,60,3996,1.977
2012,62,84,3996,3.7287
2012,71,36,959,1.3556
2012,71,60,959,2.8154
2012,71,84,959,5.0052
2012,72,36,4798,1.8133
2012,72,60,4798,4.4393
2012,72,84,4798,5.8566
2012,81,36,3370,1.4243
2012,81,60,3370,3.1751
2012,81,84,3370,4.2433
2012,92,36,7,0.0
2012,92,60,7,0.0
2012,92,84,7,0.0
2012,unknown,36,1,100.0
2012,unknown,60,1,100.0
2012,unknown,84,1,100.0
2013,11,36,670,0.2985
2013,11,60,670,1.791
2013,11,84,670,3.1343
2013,21,36,122,1.6393
2013,21,60,122,3.2787
2013,21,84,122,4.918
2013,22,36,30,0.0
2013,22,60,30,0.0
2013,22,84,30,0.0
2013,23,36,3887,1.3635
2013,23,60,3887,3.2673
2013,23,84,3887,4.8881
2013,31-33,36,3500,0.9429
2013,31-33,60,3500,2.9429
2013,31-33,84,3500,4.7429
2013,42,36,2502,1.5987
2013,42,60,2502,4.1966
2013,42,84,2502,5.8353
2013,44-45,36,5773,1.3858
2013,44-45,60,5773,3.5683
2013,44-45,84,5773,5.5257
2013,48-49,36,1780,2.1348
2013,48-49,60,1780,4.8315
2013,48-49,84,1780,5.9551
2013,51,36,511,1.1742
2013,51,60,511,2.3483
2013,51,84,511,3.3268
2013,52,36,577,0.3466
2013,52,60,577,1.3865
2013,52,84,577,1.9064
2013,53,36,821,0.2436
2013,53,60,821,1.218
2013,53,84,821,2.3143
2013,54,36,4031,1.4637
2013,54,60,4031,2.9025
2013,54,84,4031,4.0933
2013,55,36,18,0.0
2013,55,60,18,0.0
2013,55,84,18,0.0
2013,56,36,1681,1.1303
2013,56,60,1681,2.677
2013,56,84,1681,4.0452
2013,61,36,527,1.518
2013,61,60,527,2.6565
2013,61,84,527,4.1746
2013,62,36,3824,0.7322
2013,62,60,3824,2.0397
2013,62,84,3824,3.1119
2013,71,36,1076,2.4164
2013,71,60,1076,4.368
2013,71,84,1076,5.855
2013,72,36,5463,1.6474
2013,72,60,5463,3.423
2013,72,84,5463,5.162
2013,81,36,3613,0.9687
2013,81,60,3613,2.6571
2013,81,84,3613,4.0133
2013,92,36,10,0.0
2013,92,60,10,0.0
2013,92,84,10,0.0
2014,11,36,742,0.5391
2014,11,60,742,2.0216
2014,11,84,742,2.4259
2014,21,36,174,2.8736
2014,21,60,174,5.1724
2014,21,84,174,6.8966
2014,22,36,46,2.1739
2014,22,60,46,4.3478
2014,22,84,46,4.3478
2014,23,36,4728,1.3536
2014,23,60,4728,3.5533
2014,23,84,4728,5.0973
2014,31-33,36,3767,1.3273
2014,31-33,60,3767,2.867
2014,31-33,84,3767,4.4332
2014,42,36,2545,2.279
2014,42,60,2545,4.6365
2014,42,84,2545,6.1297
2014,44-45,36,6282,1.4804
2014,44-45,60,6282,4.0911
2014,44-45,84,6282,5.6988
2014,48-49,36,2610,2.5287
2014,48-49,60,2610,5.4023
2014,48-49,84,2610,6.9349
2014,51,36,541,1.4787
2014,51,60,541,4.4362
2014,51,84,541,5.915
2014,52,36,749,1.2016
2014,52,60,749,1.4686
2014,52,84,749,2.1362
2014,53,36,968,1.1364
2014,53,60,968,2.376
2014,53,84,968,2.686
2014,54,36,4463,1.4564
2014,54,60,4463,3.3162
2014,54,84,4463,4.4141
2014,55,36,25,4.0
2014,55,60,25,4.0
2014,55,84,25,4.0
2014,56,36,2060,1.5049
2014,56,60,2060,3.5437
2014,56,84,2060,4.6117
2014,61,36,594,1.3468
2014,61,60,594,2.862
2014,61,84,594,4.2088
2014,62,36,4245,0.7067
2014,62,60,4245,1.7432
2014,62,84,4245,2.5677
2014,71,36,1252,1.3578
2014,71,60,1252,4.8722
2014,71,84,1252,6.3099
2014,72,36,6078,1.5137
2014,72,60,6078,3.85
2014,72,84,6078,5.4788
2014,81,36,4084,1.1508
2014,81,60,4084,3.6974
2014,81,84,4084,4.9216
2014,92,36,9,0.0
2014,92,60,9,0.0
2014,92,84,9,0.0
2015,11,36,1002,0.5988
2015,11,60,1002,2.0958
2015,11,84,1002,3.2934
2015,21,36,142,1.4085
2015,21,60,142,2.8169
2015,21,84,142,4.2254
2015,22,36,30,3.3333
2015,22,60,30,3.3333
2015,22,84,30,3.3333
2015,23,36,5863,1.5692
2015,23,60,5863,3.5647
2015,23,84,5863,4.9633
2015,31-33,36,4222,1.2553
2015,31-33,60,4222,3.1028
2015,31-33,84,4222,4.6897
2015,42,36,2914,1.6129
2015,42,60,2914,3.8778
2015,42,84,2914,5.4221
2015,44-45,36,7561,1.8516
2015,44-45,60,7561,4.2322
2015,44-45,84,7561,5.7664
2015,48-49,36,3388,3.0106
2015,48-49,60,3388,5.9032
2015,48-49,84,3388,7.8512
2015,51,36,698,2.149
2015,51,60,698,4.5845
2015,51,84,698,5.1576
2015,52,36,913,0.7667
2015,52,60,913,2.6287
2015,52,84,913,3.3954
2015,53,36,1259,0.8737
2015,53,60,1259,2.3034
2015,53,84,1259,3.0977
2015,54,36,5475,2.2648
2015,54,60,5475,4.2557
2015,54,84,5475,5.5342
2015,55,36,28,0.0
2015,55,60,28,0.0
2015,55,84,28,0.0
2015,56,36,2568,1.7523
2015,56,60,2568,3.6604
2015,56,84,2568,5.6075
2015,61,36,718,1.8106
2015,61,60,718,3.6212
2015,61,84,718,5.2925
2015,62,36,4973,1.0456
2015,62,60,4973,2.7549
2015,62,84,4973,3.6195
2015,71,36,1597,1.315
2015,71,60,1597,4.0701
2015,71,84,1597,6.3244
2015,72,36,6995,1.6297
2015,72,60,6995,4.2173
2015,72,84,6995,6.3045
2015,81,36,5061,2.1142
2015,81,60,5061,4.4853
2015,81,84,5061,6.0858
2015,92,36,14,0.0
2015,92,60,14,7.1429
2015,92,84,14,7.1429
2016,11,36,1034,0.8704
2016,11,60,1034,1.4507
2016,11,84,1034,3.0948
2016,21,36,126,2.381
2016,21,60,126,3.9683
2016,21,84,126,7.9365
2016,22,36,49,2.0408
2016,22,60,49,2.0408
2016,22,84,49,4.0816
2016,23,36,6031,2.1721
2016,23,60,6031,3.9131
2016,23,84,6031,6.3339
2016,31-33,36,4231,1.4417
2016,31-33,60,4231,2.978
2016,31-33,84,4231,4.4434
2016,42,36,2627,2.5885
2016,42,60,2627,5.177
2016,42,84,2627,7.0803
2016,44-45,36,7510,2.3036
2016,44-45,60,7510,4.4474
2016,44-45,84,7510,6.4048
2016,48-49,36,3173,3.8449
2016,48-49,60,3173,6.4923
2016,48-49,84,3173,8.4463
2016,51,36,621,2.2544
2016,51,60,621,5.314
2016,51,84,621,6.4412
2016,52,36,1125,0.8
2016,52,60,1125,2.2222
2016,52,84,1125,3.2889
2016,53,36,1284,1.0125
2016,53,60,1284,2.4922
2016,53,84,1284,3.8941
2016,54,36,5728,2.1823
2016,54,60,5728,3.5964
2016,54,84,5728,5.3946
2016,55,36,51,0.0
2016,55,60,51,0.0
2016,55,84,51,0.0
2016,56,36,2766,2.0607
2016,56,60,2766,4.2299
2016,56,84,2766,5.8568
2016,61,36,822,1.9465
2016,61,60,822,4.3796
2016,61,84,822,5.3528
2016,62,36,5200,1.1154
2016,62,60,5200,2.2308
2016,62,84,5200,3.4038
2016,71,36,1798,2.0578
2016,71,60,1798,4.5606
2016,71,84,1798,7.842
2016,72,36,7466,2.2502
2016,72,60,7466,4.112
2016,72,84,7466,6.3756
2016,81,36,5141,2.1591
2016,81,60,5141,3.8514
2016,81,84,5141,5.7965
2016,92,36,6,0.0
2016,92,60,6,0.0
2016,92,84,6,0.0
2017,11,36,814,0.9828
2017,11,60,814,1.4742
2017,11,84,814,2.3342
2017,21,36,152,3.2895
2017,21,60,152,5.2632
2017,21,84,152,6.5789
2017,22,36,48,4.1667
2017,22,60,48,6.25
2017,22,84,48,10.4167
2017,23,36,6183,2.4584
2017,23,60,6183,5.2402
2017,23,84,6183,6.9546
2017,31-33,36,4048,1.1858
2017,31-33,60,4048,3.0879
2017,31-33,84,4048,4.7184
2017,42,36,2615,2.8298
2017,42,60,2615,5.6979
2017,42,84,2615,7.6099
2017,44-45,36,7342,2.1111
2017,44-45,60,7342,4.7399
2017,44-45,84,7342,6.8374
2017,48-49,36,3149,3.0168
2017,48-49,60,3149,6.5418
2017,48-49,84,3149,8.3836
2017,51,36,590,2.3729
2017,51,60,590,3.7288
2017,51,84,590,7.1186
2017,52,36,1105,1.629
2017,52,60,1105,2.4434
2017,52,84,1105,3.4389
2017,53,36,1302,1.6129
2017,53,60,1302,3.9171
2017,53,84,1302,5.3763
2017,54,36,5253,1.561
2017,54,60,5253,3.9977
2017,54,84,5253,5.9204
2017,55,36,62,0.0
2017,55,60,62,0.0
2017,55,84,62,1.6129
2017,56,36,2773,2.2719
2017,56,60,2773,5.0126
2017,56,84,2773,6.5633
2017,61,36,787,2.5413
2017,61,60,787,5.0826
2017,61,84,787,7.2427
2017,62,36,4917,0.9559
2017,62,60,4917,2.4202
2017,62,84,4917,3.9252
2017,71,36,1950,2.359
2017,71,60,1950,5.4872
2017,71,84,1950,8.3077
2017,72,36,7770,1.3642
2017,72,60,7770,4.0412
2017,72,84,7770,6.0618
2017,81,36,5209,2.3613
2017,81,60,5209,4.6842
2017,81,84,5209,6.5656
2017,92,36,10,0.0
2017,92,60,10,10.0
2017,92,84,10,10.0
2018,11,36,740,0.4054
2018,11,60,740,1.3514
2018,11,84,740,1.8919
2018,21,36,133,3.0075
2018,21,60,133,3.0075
2018,21,84,133,3.7594
2018,22,36,57,0.0
2018,22,60,57,1.7544
2018,22,84,57,1.7544
2018,23,36,6313,2.5186
2018,23,60,6313,5.6708
2018,23,84,6313,8.1419
2018,31-33,36,3708,1.2945
2018,31-33,60,3708,3.452
2018,31-33,84,3708,5.3398
2018,42,36,2519,1.9849
2018,42,60,2519,5.796
2018,42,84,2519,8.2572
2018,44-45,36,6699,1.7764
2018,44-45,60,6699,4.8216
2018,44-45,84,6699,7.1802
2018,48-49,36,3681,3.2328
2018,48-49,60,3681,7.0633
2018,48-49,84,3681,9.3181
2018,51,36,569,1.9332
2018,51,60,569,3.8664
2018,51,84,569,5.9754
2018,52,36,1063,1.223
2018,52,60,1063,3.0103
2018,52,84,1063,5.08
2018,53,36,1252,0.9585
2018,53,60,1252,3.4345
2018,53,84,1252,5.5911
2018,54,36,4878,1.6195
2018,54,60,4878,4.4485
2018,54,84,4878,6.3141
2018,55,36,51,1.9608
2018,55,60,51,1.9608
2018,55,84,51,1.9608
2018,56,36,2621,1.8314
2018,56,60,2621,5.7612
2018,56,84,2621,7.4781
2018,61,36,856,1.5187
2018,61,60,856,6.3084
2018,61,84,856,8.7617
2018,62,36,4467,0.8955
2018,62,60,4467,2.7759
2018,62,84,4467,3.94
2018,71,36,1883,1.6463
2018,71,60,1883,5.3638
2018,71,84,1883,8.3378
2018,72,36,7707,1.3235
2018,72,60,7707,4.3597
2018,72,84,7707,6.5265
2018,81,36,4987,1.6242
2018,81,60,4987,4.7524
2018,81,84,4987,7.0985
2018,92,36,11,9.0909
2018,92,60,11,9.0909
2018,92,84,11,9.0909
2019,11,36,470,0.0
2019,11,60,470,0.4255
2019,21,36,115,0.0
2019,21,60,115,0.8696
2019,22,36,34,0.0
2019,22,60,34,0.0
2019,23,36,5225,1.9904
2019,23,60,5225,4.8804
2019,31-33,36,3127,0.6716
2019,31-33,60,3127,2.5584
2019,42,36,2017,2.1319
2019,42,60,2017,5.1562
2019,44-45,36,5814,1.634
2019,44-45,60,5814,3.8184
2019,48-49,36,2932,2.4898
2019,48-49,60,2932,5.5593
2019,51,36,417,0.7194
2019,51,60,417,2.1583
2019,52,36,860,0.9302
2019,52,60,860,2.7907
2019,53,36,1003,1.1964
2019,53,60,1003,2.8913
2019,54,36,4041,1.757
2019,54,60,4041,4.2069
2019,55,36,27,0.0
2019,55,60,27,0.0
2019,56,36,2284,2.1016
2019,56,60,2284,4.8599
2019,61,36,797,2.6349
2019,61,60,797,5.2698
2019,62,36,3855,0.8042
2019,62,60,3855,2.4125
2019,71,36,1834,2.072
2019,71,60,1834,5.5071
2019,72,36,6485,1.2182
2019,72,60,6485,3.5929
2019,81,36,4331,1.7548
2019,81,60,4331,3.9021
2019,92,36,3,0.0
2019,92,60,3,0.0
2020,11,36,447,0.2237
2020,11,60,447,1.566
2020,21,36,69,0.0
2020,21,60,69,0.0
2020,22,36,58,1.7241
2020,22,60,58,1.7241
2020,23,36,4380,1.4612
2020,23,60,4380,3.653
2020,31-33,36,2585,0.4255
2020,31-33,60,2585,1.7021
2020,42,36,1590,1.0063
2020,42,60,1590,3.3962
2020,44-45,36,4758,0.7566
2020,44-45,60,4758,2.3539
2020,48-49,36,2465,1.3793
2020,48-49,60,2465,3.4077
2020,51,36,374,0.0
2020,51,60,374,1.3369
2020,52,36,889,0.7874
2020,52,60,889,1.7998
2020,53,36,944,0.5297
2020,53,60,944,1.8008
2020,54,36,3192,0.5013
2020,54,60,3192,2.2243
2020,55,36,17,0.0
2020,55,60,17,0.0
2020,56,36,2021,1.1381
2020,56,60,2021,4.0079
2020,61,36,477,0.8386
2020,61,60,477,2.935
2020,62,36,3169,0.4102
2020,62,60,3169,1.6725
2020,71,36,1125,1.3333
2020,71,60,1125,3.8222
2020,72,36,4639,0.7976
2020,72,60,4639,2.2203
2020,81,36,3258,0.8287
2020,81,60,3258,2.8852
2020,92,36,7,0.0
2020,92,60,7,0.0
2021,11,36,717,0.2789
2021,21,36,106,0.0
2021,22,36,80,1.25
2021,23,36,4637,1.3802
2021,31-33,36,3312,0.3623
2021,42,36,2042,0.9305
2021,44-45,36,6609,0.6506
2021,48-49,36,2863,1.3971
2021,51,36,403,0.0
2021,52,36,1058,0.2836
2021,53,36,1369,0.6574
2021,54,36,3769,0.5837
2021,55,36,46,0.0
2021,56,36,2421,1.5283
2021,61,36,565,0.708
2021,62,36,4531,0.618
2021,71,36,1171,0.6832
2021,72,36,5560,0.5576
2021,81,36,3896,0.616
2021,92,36,10,0.0
2022,11,36,523,0.1912
2022,21,36,99,0.0
2022,22,36,65,4.6154
2022,23,36,5036,1.8666
2022,31-33,36,2724,1.1747
2022,42,36,1797,2.3929
2022,44-45,36,5213,1.995
2022,48-49,36,3021,3.8398
2022,51,36,371,2.1563
2022,52,36,865,1.8497
2022,53,36,1193,2.5985
2022,54,36,3530,2.5212
2022,55,36,36,0.0
2022,56,36,2251,1.6437
2022,61,36,626,2.0767
2022,62,36,3816,1.022
2022,71,36,1298,1.926
2022,72,36,5496,1.7831
2022,81,36,3791,2.0047
2022,92,36,13,0.0
