cohorte,edad,tasa_acum_pct
1991,0,0.0
1991,3,0.0
1991,6,0.0
1991,9,0.0061
1991,12,0.0306
1991,15,0.1593
1991,18,0.343
1991,21,0.588
1991,24,0.9739
1991,27,1.3475
1991,30,1.7273
1991,33,2.1561
1991,36,2.7012
1991,39,3.2464
1991,42,3.8282
1991,45,4.3305
1991,48,4.8389
1991,51,5.3167
1991,54,5.8373
1991,57,6.3335
1991,60,6.7806
1991,63,7.24
1991,66,7.7729
1991,69,8.1894
1991,72,8.6917
1991,75,9.0837
1991,78,9.4206
1991,81,9.6962
1991,84,9.9841
1991,87,10.1923
1991,90,10.4067
1991,93,10.6088
1991,96,10.8967
1991,99,11.1417
1991,102,11.3377
1991,105,11.5644
1991,108,11.693
1991,111,11.8278
1991,114,11.8951
1991,117,11.9686
1991,120,12.0299
1992,0,0.0
1992,3,0.0
1992,6,0.0
1992,9,0.0142
1992,12,0.0662
1992,15,0.1796
1992,18,0.3072
1992,21,0.5104
1992,24,0.6994
1992,27,0.9405
1992,30,1.2382
1992,33,1.4981
1992,36,1.8289
1992,39,2.1834
1992,42,2.5047
1992,45,2.9395
1992,48,3.3459
1992,51,3.7902
1992,54,4.2817
1992,57,4.6881
1992,60,5.052
1992,63,5.3828
1992,66,5.7136
1992,69,6.0161
1992,72,6.2949
1992,75,6.6068
1992,78,6.8242
1992,81,7.0605
1992,84,7.2779
1992,87,7.4338
1992,90,7.6323
1992,93,7.8072
1992,96,7.9206
1992,99,8.0198
1992,102,8.1144
1992,105,8.1994
1992,108,8.294
1992,111,8.3932
1992,114,8.4452
1992,117,8.4972
1992,120,8.5397
1993,0,0.0
1993,3,0.0
1993,6,0.0
1993,9,0.0
1993,12,0.0214
1993,15,0.0899
1993,18,0.1712
1993,21,0.321
1993,24,0.5007
1993,27,0.7575
1993,30,0.98
1993,33,1.2325
1993,36,1.5706
1993,39,1.9472
1993,42,2.3238
1993,45,2.8202
1993,48,3.2182
1993,51,3.475
1993,54,3.7318
1993,57,4.0998
1993,60,4.4079
1993,63,4.6861
1993,66,4.9771
1993,69,5.3066
1993,72,5.6832
1993,75,5.9742
1993,78,6.1925
1993,81,6.3722
1993,84,6.522
1993,87,6.6632
1993,90,6.7873
1993,93,6.8644
1993,96,6.9799
1993,99,7.0998
1993,102,7.1682
1993,105,7.2624
1993,108,7.3095
1993,111,7.3779
1993,114,7.4378
1993,117,7.4721
1993,120,7.5448
1994,0,0.0
1994,3,0.0
1994,6,0.0
1994,9,0.0124
1994,12,0.0311
1994,15,0.0871
1994,18,0.2272
1994,21,0.4388
1994,24,0.8061
1994,27,1.2325
1994,30,1.7211
1994,33,2.2004
1994,36,2.7575
1994,39,3.187
1994,42,3.6911
1994,45,4.1082
1994,48,4.603
1994,51,5.0232
1994,54,5.4807
1994,57,5.9538
1994,60,6.3583
1994,63,6.7163
1994,66,7.096
1994,69,7.4539
1994,72,7.7028
1994,75,7.9269
1994,78,8.1012
1994,81,8.2382
1994,84,8.428
1994,87,8.5432
1994,90,8.677
1994,93,8.8077
1994,96,8.9384
1994,99,9.0318
1994,102,9.1189
1994,105,9.1967
1994,108,9.2932
1994,111,9.3492
1994,114,9.4021
1994,117,9.4301
1994,120,9.4488
1995,0,0.0
1995,3,0.0
1995,6,0.0
1995,9,0.0144
1995,12,0.0698
1995,15,0.2444
1995,18,0.5093
1995,21,0.924
1995,24,1.4415
1995,27,1.998
1995,30,2.6859
1995,33,3.2999
1995,36,3.9775
1995,39,4.5853
1995,42,5.2342
1995,45,5.8892
1995,48,6.5155
1995,51,7.1131
1995,54,7.7373
1995,57,8.2445
1995,60,8.6511
1995,63,9.0166
1995,66,9.3513
1995,69,9.6655
1995,72,9.9612
1995,75,10.1973
1995,78,10.4396
1995,81,10.6409
1995,84,10.8257
1995,87,11.0208
1995,90,11.1789
1995,93,11.337
1995,96,11.452
1995,99,11.5711
1995,102,11.6717
1995,105,11.7456
1995,108,11.7887
1995,111,11.8319
1995,114,11.8545
1995,117,11.8647
1995,120,11.877
1996,0,0.0025
1996,3,0.0025
1996,6,0.0025
1996,9,0.0201
1996,12,0.0654
1996,15,0.2114
1996,18,0.4604
1996,21,0.8102
1996,24,1.2329
1996,27,1.6782
1996,30,2.2318
1996,33,2.8935
1996,36,3.5754
1996,39,4.2547
1996,42,4.9139
1996,45,5.6436
1996,48,6.2248
1996,51,6.796
1996,54,7.2992
1996,57,7.7597
1996,60,8.1673
1996,63,8.6177
1996,66,9.0227
1996,69,9.3876
1996,72,9.7323
1996,75,10.082
1996,78,10.3638
1996,81,10.628
1996,84,10.8696
1996,87,11.0734
1996,90,11.2545
1996,93,11.3627
1996,96,11.4483
1996,99,11.4936
1996,102,11.5313
1996,105,11.559
1996,108,11.5665
1996,111,11.6068
1996,114,11.6596
1996,117,11.8106
1996,120,11.9817
1997,0,0.0
1997,3,0.0
1997,6,0.0
1997,9,0.0103
1997,12,0.0515
1997,15,0.1674
1997,18,0.3245
1997,21,0.6439
1997,24,1.0174
1997,27,1.4631
1997,30,1.9962
1997,33,2.5037
1997,36,3.0858
1997,39,3.637
1997,42,4.1779
1997,45,4.7111
1997,48,5.2057
1997,51,5.7724
1997,54,6.303
1997,57,6.746
1997,60,7.2843
1997,63,7.7634
1997,66,8.2065
1997,69,8.5465
1997,72,8.92
1997,75,9.2342
1997,78,9.4918
1997,81,9.6695
1997,84,9.8086
1997,87,9.8936
1997,90,9.9632
1997,93,10.007
1997,96,10.0301
1997,99,10.0842
1997,102,10.1512
1997,105,10.347
1997,108,10.6226
1997,111,10.9523
1997,114,11.1583
1997,117,11.3077
1997,120,11.3695
1998,0,0.0028
1998,3,0.0028
1998,6,0.0056
1998,9,0.0222
1998,12,0.0833
1998,15,0.186
1998,18,0.3637
1998,21,0.6636
1998,24,1.0689
1998,27,1.5576
1998,30,2.0684
1998,33,2.5987
1998,36,3.1679
1998,39,3.651
1998,42,4.2479
1998,45,4.8476
1998,48,5.4584
1998,51,6.1108
1998,54,6.7161
1998,57,7.238
1998,60,7.785
1998,63,8.2875
1998,66,8.6651
1998,69,8.9455
1998,72,9.1288
1998,75,9.2731
1998,78,9.362
1998,81,9.4175
1998,84,9.4925
1998,87,9.5563
1998,90,9.6729
1998,93,9.9589
1998,96,10.392
1998,99,10.8362
1998,102,11.2472
1998,105,11.4915
1998,108,11.6303
1998,111,11.708
1998,114,11.7858
1998,117,11.8691
1998,120,12.0273
1999,0,0.0
1999,3,0.0
1999,6,0.0
1999,9,0.0027
1999,12,0.0431
1999,15,0.1267
1999,18,0.3451
1999,21,0.5742
1999,24,0.9758
1999,27,1.3667
1999,30,1.8331
1999,33,2.3911
1999,36,3.0731
1999,39,3.7767
1999,42,4.518
1999,45,5.2485
1999,48,5.9306
1999,51,6.5641
1999,54,7.0762
1999,57,7.4455
1999,60,7.7097
1999,63,7.8607
1999,66,7.9982
1999,69,8.0952
1999,72,8.1896
1999,75,8.2839
1999,78,8.4861
1999,81,8.9147
1999,84,9.5428
1999,87,10.179
1999,90,10.7262
1999,93,11.1441
1999,96,11.2923
1999,99,11.4082
1999,102,11.5107
1999,105,11.6859
1999,108,11.8665
1999,111,12.1307
1999,114,12.3383
1999,117,12.4838
1999,120,12.5809
2000,0,0.0
2000,3,0.0
2000,6,0.0
2000,9,0.0027
2000,12,0.0239
2000,15,0.1303
2000,18,0.3165
2000,21,0.5904
2000,24,0.9761
2000,27,1.4894
2000,30,2.0931
2000,33,2.6729
2000,36,3.3617
2000,39,4.0559
2000,42,4.6197
2000,45,5.1144
2000,48,5.5559
2000,51,5.8511
2000,54,6.0266
2000,57,6.1862
2000,60,6.3324
2000,63,6.484
2000,66,6.7394
2000,69,7.2473
2000,72,8.1995
2000,75,9.0904
2000,78,9.883
2000,81,10.4282
2000,84,10.7367
2000,87,10.9149
2000,90,11.0559
2000,93,11.2473
2000,96,11.5479
2000,99,11.867
2000,102,12.2074
2000,105,12.4069
2000,108,12.5346
2000,111,12.625
2000,114,12.7394
2000,117,12.8777
2000,120,13.0
2001,0,0.0
2001,3,0.0
2001,6,0.0
2001,9,0.0
2001,12,0.0375
2001,15,0.1045
2001,18,0.3001
2001,21,0.6243
2001,24,1.0583
2001,27,1.5326
2001,30,2.047
2001,33,2.4971
2001,36,2.9419
2001,39,3.2714
2001,42,3.4751
2001,45,3.6707
2001,48,3.8823
2001,51,4.1235
2001,54,4.4101
2001,57,5.0371
2001,60,6.0124
2001,63,7.0948
2001,66,8.1371
2001,69,8.831
2001,72,9.1847
2001,75,9.4687
2001,78,9.6991
2001,81,10.0046
2001,84,10.3689
2001,87,10.7735
2001,90,11.1513
2001,93,11.4594
2001,96,11.647
2001,99,11.7783
2001,102,11.9283
2001,105,12.0998
2001,108,12.2364
2001,111,12.4079
2001,114,12.5311
2001,117,12.6517
2001,120,12.7616
2002,0,0.0
2002,3,0.0
2002,6,0.0044
2002,9,0.0133
2002,12,0.0664
2002,15,0.166
2002,18,0.3563
2002,21,0.5489
2002,24,0.7857
2002,27,0.9649
2002,30,1.1398
2002,33,1.2925
2002,36,1.516
2002,39,1.7661
2002,42,2.1003
2002,45,2.6536
2002,48,3.4946
2002,51,4.4263
2002,54,5.3404
2002,57,6.0287
2002,60,6.4846
2002,63,6.8011
2002,66,7.0777
2002,69,7.4031
2002,72,7.8169
2002,75,8.2374
2002,78,8.6225
2002,81,9.0475
2002,84,9.2975
2002,87,9.5521
2002,90,9.8132
2002,93,10.0655
2002,96,10.3222
2002,99,10.5856
2002,102,10.7782
2002,105,10.9508
2002,108,11.0769
2002,111,11.2031
2002,114,11.3027
2002,117,11.4067
2002,120,11.4886
2003,0,0.0
2003,3,0.0
2003,6,0.0085
2003,9,0.0507
2003,12,0.1996
2003,15,0.362
2003,18,0.5176
2003,21,0.7003
2003,24,0.9777
2003,27,1.3261
2003,30,1.7592
2003,33,2.3072
2003,36,2.9821
2003,39,3.8025
2003,42,4.5062
2003,45,5.1929
2003,48,5.6801
2003,51,6.1418
2003,54,6.5698
2003,57,7.128
2003,60,7.7149
2003,63,8.3696
2003,66,8.9244
2003,69,9.3845
2003,72,9.7583
2003,75,10.1304
2003,78,10.5228
2003,81,10.922
2003,84,11.443
2003,87,11.8913
2003,90,12.3344
2003,93,12.7066
2003,96,12.9485
2003,99,13.1497
2003,102,13.2766
2003,105,13.395
2003,108,13.4847
2003,111,13.532
2003,114,13.6115
2003,117,13.6707
2003,120,13.7181
2004,0,0.0
2004,3,0.0
2004,6,0.0042
2004,9,0.0393
2004,12,0.1375
2004,15,0.3395
2004,18,0.665
2004,21,1.0872
2004,24,1.6568
2004,27,2.2277
2004,30,2.8155
2004,33,3.4188
2004,36,3.9336
2004,39,4.5018
2004,42,5.0896
2004,45,5.777
2004,48,6.5864
2004,51,7.4295
2004,54,8.1759
2004,57,8.7945
2004,60,9.3501
2004,63,9.8902
2004,66,10.5425
2004,69,11.3407
2004,72,12.16
2004,75,12.9386
2004,78,13.6232
2004,81,14.2068
2004,84,14.6473
2004,87,15.0443
2004,90,15.3711
2004,93,15.5914
2004,96,15.7443
2004,99,15.8621
2004,102,15.9687
2004,105,16.1062
2004,108,16.1932
2004,111,16.2619
2004,114,16.3391
2004,117,16.4485
2004,120,16.579
2005,0,0.0
2005,3,0.0
2005,6,0.0012
2005,9,0.0355
2005,12,0.2002
2005,15,0.5235
2005,18,0.9617
2005,21,1.439
2005,24,1.9127
2005,27,2.5013
2005,30,3.2083
2005,33,4.0812
2005,36,5.1376
2005,39,6.1834
2005,42,7.1865
2005,45,8.1269
2005,48,9.027
2005,51,9.8548
2005,54,10.839
2005,57,11.9783
2005,60,13.4196
2005,63,14.8953
2005,66,16.1317
2005,69,17.2071
2005,72,17.9142
2005,75,18.5715
2005,78,19.1103
2005,81,19.532
2005,84,19.9346
2005,87,20.2331
2005,90,20.5138
2005,93,20.7696
2005,96,20.9958
2005,99,21.2042
2005,102,21.3629
2005,105,21.5145
2005,108,21.6827
2005,111,21.8568
2005,114,22.0794
2005,117,22.2831
2005,120,22.5271
2006,0,0.0
2006,3,0.0
2006,6,0.0092
2006,9,0.0589
2006,12,0.2045
2006,15,0.499
2006,18,1.1101
2006,21,2.1774
2006,24,3.4042
2006,27,4.7407
2006,30,6.1014
2006,33,7.3952
2006,36,8.585
2006,39,9.7274
2006,42,11.0904
2006,45,12.8901
2006,48,15.2189
2006,51,17.5084
2006,54,19.5125
2006,57,21.1967
2006,60,22.4951
2006,63,23.4446
2006,66,24.2393
2006,69,24.9209
2006,72,25.4823
2006,75,25.9432
2006,78,26.3763
2006,81,26.7148
2006,84,27.1249
2006,87,27.5107
2006,90,27.8422
2006,93,28.1414
2006,96,28.4071
2006,99,28.5907
2006,102,28.8229
2006,105,29.1279
2006,108,29.4398
2006,111,29.8186
2006,114,30.1837
2006,117,30.5498
2006,120,30.8513
2007,0,0.0
2007,3,0.0
2007,6,0.0023
2007,9,0.068
2007,12,0.5189
2007,15,1.4954
2007,18,2.7178
2007,21,4.1226
2007,24,5.6248
2007,27,7.1236
2007,30,8.9238
2007,33,11.0128
2007,36,13.6105
2007,39,16.3804
2007,42,18.9317
2007,45,21.4365
2007,48,23.2808
2007,51,24.8397
2007,54,25.9692
2007,57,26.9265
2007,60,27.6889
2007,63,28.3539
2007,66,28.9736
2007,69,29.4404
2007,72,29.8584
2007,75,30.4067
2007,78,30.8497
2007,81,31.2892
2007,84,31.6778
2007,87,32.0143
2007,90,32.4097
2007,93,32.8583
2007,96,33.2763
2007,99,33.7601
2007,102,34.2189
2007,105,34.6686
2007,108,35.0425
2007,111,35.3314
2007,114,35.5319
2007,117,35.6724
2007,120,35.7902
2008,0,0.0
2008,3,0.0
2008,6,0.0
2008,9,0.073
2008,12,0.4283
2008,15,1.1892
2008,18,2.3103
2008,21,3.5872
2008,24,5.1025
2008,27,7.0202
2008,30,9.1083
2008,33,11.3148
2008,36,13.1157
2008,39,14.8047
2008,42,16.3752
2008,45,17.6796
2008,48,18.6888
2008,51,19.5048
2008,54,20.2317
2008,57,20.845
2008,60,21.3528
2008,63,21.8541
2008,66,22.4268
2008,69,22.959
2008,72,23.4344
2008,75,23.9357
2008,78,24.4094
2008,81,24.8913
2008,84,25.4218
2008,87,26.0156
2008,90,26.6387
2008,93,27.2698
2008,96,27.737
2008,99,28.1151
2008,102,28.4298
2008,105,28.657
2008,108,28.8306
2008,111,28.9814
2008,114,29.1242
2008,117,29.2459
2008,120,29.366
2009,0,0.0
2009,3,0.0
2009,6,0.0
2009,9,0.0136
2009,12,0.1447
2009,15,0.363
2009,18,0.6633
2009,21,1.1218
2009,24,1.9216
2009,27,2.8087
2009,30,3.6631
2009,33,4.5256
2009,36,5.1479
2009,39,5.6693
2009,42,6.0924
2009,45,6.4963
2009,48,6.974
2009,51,7.3452
2009,54,7.6973
2009,57,8.1041
2009,60,8.4562
2009,63,8.8519
2009,66,9.2778
2009,69,9.7036
2009,72,10.2222
2009,75,10.7463
2009,78,11.1803
2009,81,11.6607
2009,84,12.0073
2009,87,12.3431
2009,90,12.5833
2009,93,12.7852
2009,96,12.9763
2009,99,13.1619
2009,102,13.3148
2009,105,13.454
2009,108,13.5877
2009,111,13.7269
2009,114,13.8334
2009,117,13.9699
2009,120,14.049
2010,0,0.0
2010,3,0.0
2010,6,0.0
2010,9,0.015
2010,12,0.0526
2010,15,0.1954
2010,18,0.4359
2010,21,0.8343
2010,24,1.2252
2010,27,1.5208
2010,30,1.8215
2010,33,2.1271
2010,36,2.4077
2010,39,2.6708
2010,42,2.9614
2010,45,3.2821
2010,48,3.5753
2010,51,3.9085
2010,54,4.2092
2010,57,4.5925
2010,60,4.9733
2010,63,5.3567
2010,66,5.7049
2010,69,6.0532
2010,72,6.3889
2010,75,6.7021
2010,78,6.9651
2010,81,7.1631
2010,84,7.3159
2010,87,7.5138
2010,90,7.6842
2010,93,7.8546
2010,96,7.9723
2010,99,8.1051
2010,102,8.253
2010,105,8.3557
2010,108,8.4885
2010,111,8.5686
2010,114,8.6112
2010,117,8.6939
2010,120,8.7415
2011,0,0.0
2011,3,0.0
2011,6,0.0
2011,9,0.0197
2011,12,0.0657
2011,15,0.16
2011,18,0.2761
2011,21,0.4339
2011,24,0.6312
2011,27,0.8416
2011,30,1.0542
2011,33,1.2953
2011,36,1.5583
2011,39,1.8388
2011,42,2.0711
2011,45,2.367
2011,48,2.6497
2011,51,2.9171
2011,54,3.1976
2011,57,3.4343
2011,60,3.6995
2011,63,3.98
2011,66,4.2014
2011,69,4.4118
2011,72,4.5718
2011,75,4.7931
2011,78,4.975
2011,81,5.1679
2011,84,5.3191
2011,87,5.4703
2011,90,5.6172
2011,93,5.7662
2011,96,5.913
2011,99,5.9985
2011,102,6.0862
2011,105,6.1541
2011,108,6.2045
2011,111,6.2505
2011,114,6.3031
2011,117,6.3492
2011,120,6.3864
2012,0,0.0
2012,3,0.0
2012,6,0.0
2012,9,0.0103
2012,12,0.0309
2012,15,0.0823
2012,18,0.1774
2012,21,0.306
2012,24,0.4911
2012,27,0.6737
2012,30,0.9283
2012,33,1.188
2012,36,1.3989
2012,39,1.6406
2012,42,1.8849
2012,45,2.1471
2012,48,2.4094
2012,51,2.6846
2012,54,2.8877
2012,57,3.1037
2012,60,3.3043
2012,63,3.5588
2012,66,3.8083
2012,69,4.014
2012,72,4.248
2012,75,4.4588
2012,78,4.6234
2012,81,4.8111
2012,84,4.9526
2012,87,5.1043
2012,90,5.2251
2012,93,5.3151
2012,96,5.4154
2012,99,5.4771
2012,102,5.5157
2012,105,5.5646
2012,108,5.6237
2012,111,5.6674
2012,114,5.7343
2012,117,5.796
2012,120,5.8397
2013,0,0.0
2013,3,0.0
2013,6,0.0025
2013,9,0.0148
2013,12,0.0569
2013,15,0.1163
2013,18,0.2301
2013,21,0.3662
2013,24,0.5221
2013,27,0.6705
2013,30,0.8536
2013,33,1.054
2013,36,1.294
2013,39,1.5068
2013,42,1.7419
2013,45,2.0066
2013,48,2.2912
2013,51,2.4941
2013,54,2.7365
2013,57,2.932
2013,60,3.1102
2013,63,3.3848
2013,66,3.6273
2013,69,3.8722
2013,72,4.0405
2013,75,4.2285
2013,78,4.372
2013,81,4.5056
2013,84,4.6145
2013,87,4.711
2013,90,4.8026
2013,93,4.8941
2013,96,4.9955
2013,99,5.0772
2013,102,5.1687
2013,105,5.2504
2013,108,5.3444
2013,111,5.4063
2013,114,5.4681
2013,117,5.53
2013,120,5.6067
2014,0,0.0
2014,3,0.0
2014,6,0.0022
2014,9,0.0218
2014,12,0.0805
2014,15,0.161
2014,18,0.3002
2014,21,0.4286
2014,24,0.5874
2014,27,0.7615
2014,30,0.9791
2014,33,1.1966
2014,36,1.436
2014,39,1.6796
2014,42,1.9973
2014,45,2.2867
2014,48,2.5456
2014,51,2.8306
2014,54,3.0547
2014,57,3.3245
2014,60,3.5573
2014,63,3.8097
2014,66,4.0316
2014,69,4.2122
2014,72,4.3732
2014,75,4.5081
2014,78,4.6451
2014,81,4.7452
2014,84,4.8932
2014,87,5.0564
2014,90,5.1934
2014,93,5.3631
2014,96,5.4806
2014,99,5.6003
2014,102,5.6699
2014,105,5.7504
2014,108,5.82
2014,111,5.9158
2014,114,5.9789
2014,117,6.0398
2014,120,6.0855
2015,0,0.0
2015,3,0.0
2015,6,0.0
2015,9,0.0144
2015,12,0.0686
2015,15,0.1443
2015,18,0.258
2015,21,0.406
2015,24,0.581
2015,27,0.839
2015,30,1.1404
2015,33,1.4182
2015,36,1.7178
2015,39,2.0173
2015,42,2.3331
2015,45,2.6687
2015,48,2.9808
2015,51,3.2479
2015,54,3.4842
2015,57,3.7008
2015,60,3.901
2015,63,4.0797
2015,66,4.2258
2015,69,4.39
2015,72,4.5181
2015,75,4.7419
2015,78,4.9873
2015,81,5.2164
2015,84,5.433
2015,87,5.6134
2015,90,5.7595
2015,93,5.9075
2015,96,6.041
2015,99,6.1493
2015,102,6.2359
2015,105,6.2973
2015,108,6.3586
2015,111,6.4308
2015,114,6.4957
2015,117,6.5589
2015,120,6.613
2016,0,0.0
2016,3,0.0
2016,6,0.0
2016,9,0.0106
2016,12,0.0669
2016,15,0.1779
2016,18,0.3293
2016,21,0.5476
2016,24,0.8259
2016,27,1.1393
2016,30,1.4369
2016,33,1.7486
2016,36,2.0708
2016,39,2.3579
2016,42,2.5991
2016,45,2.8474
2016,48,3.0869
2016,51,3.3017
2016,54,3.4901
2016,57,3.6715
2016,60,3.8934
2016,63,4.1328
2016,66,4.4163
2016,69,4.6875
2016,72,4.9834
2016,75,5.2088
2016,78,5.45
2016,81,5.6173
2016,84,5.781
2016,87,5.9501
2016,90,6.1103
2016,93,6.2952
2016,96,6.4203
2016,99,6.503
2016,102,6.6016
2016,105,6.6914
2016,108,6.8024
2016,111,6.8658
2016,114,6.9327
2016,117,7.0137
2017,0,0.0
2017,3,0.0
2017,6,0.0
2017,9,0.0089
2017,12,0.0624
2017,15,0.1694
2017,18,0.3495
2017,21,0.5956
2017,24,0.8595
2017,27,1.1573
2017,30,1.4248
2017,33,1.6637
2017,36,1.9241
2017,39,2.2076
2017,42,2.4626
2017,45,2.6801
2017,48,2.9601
2017,51,3.2757
2017,54,3.6074
2017,57,4.0104
2017,60,4.3671
2017,63,4.6631
2017,66,4.9591
2017,69,5.2034
2017,72,5.4405
2017,75,5.6456
2017,78,5.8435
2017,81,6.0504
2017,84,6.2234
2017,87,6.3981
2017,90,6.5747
2017,93,6.876
2017,96,7.1274
2017,99,7.2772
2017,102,7.411
2017,105,7.5269
2018,0,0.0
2018,3,0.0
2018,6,0.0
2018,9,0.0295
2018,12,0.1292
2018,15,0.2805
2018,18,0.441
2018,21,0.6624
2018,24,0.8986
2018,27,1.1145
2018,30,1.2898
2018,33,1.4983
2018,36,1.7234
2018,39,1.9928
2018,42,2.3618
2018,45,2.7844
2018,48,3.2623
2018,51,3.7014
2018,54,4.0594
2018,57,4.4082
2018,60,4.7034
2018,63,4.9414
2018,66,5.2588
2018,69,5.5872
2018,72,5.8382
2018,75,6.0891
2018,78,6.2958
2018,81,6.5763
2018,84,6.8143
2018,87,7.0652
2018,90,7.3014
2018,93,7.5542
2019,0,0.0
2019,3,0.0
2019,6,0.0044
2019,9,0.0328
2019,12,0.0635
2019,15,0.1336
2019,18,0.2102
2019,21,0.3109
2019,24,0.4335
2019,27,0.6372
2019,30,0.9109
2019,33,1.2437
2019,36,1.5831
2019,39,1.894
2019,42,2.2005
2019,45,2.4983
2019,48,2.7786
2019,51,3.0676
2019,54,3.3807
2019,57,3.6982
2019,60,3.9587
2019,63,4.2675
2019,66,4.5784
2019,69,4.8959
2019,72,5.1871
2019,75,5.5068
2019,78,5.8111
2019,81,6.1308
2020,0,0.0
2020,3,0.0
2020,6,0.0
2020,9,0.0027
2020,12,0.0055
2020,15,0.011
2020,18,0.0384
2020,21,0.1344
2020,24,0.2523
2020,27,0.4059
2020,30,0.5403
2020,33,0.6801
2020,36,0.8502
2020,39,1.0723
2020,42,1.2807
2020,45,1.5248
2020,48,1.7469
2020,51,1.9718
2020,54,2.1939
2020,57,2.3777
2020,60,2.63
2020,63,2.8878
2020,66,3.1346
2020,69,3.4171
2021,0,0.0
2021,3,0.0
2021,6,0.0
2021,9,0.0
2021,12,0.0089
2021,15,0.031
2021,18,0.0775
2021,21,0.1506
2021,24,0.2303
2021,27,0.3432
2021,30,0.4716
2021,33,0.5956
2021,36,0.7683
2021,39,0.9919
2021,42,1.169
2021,45,1.3727
2021,48,1.6097
2021,51,1.8222
2021,54,2.0635
2021,57,2.327
2022,0,0.0
2022,3,0.0
2022,6,0.0
2022,9,0.0263
2022,12,0.0742
2022,15,0.17
2022,18,0.3328
2022,21,0.5124
2022,24,0.7111
2022,27,0.9745
2022,30,1.2211
2022,33,1.5204
2022,36,1.9754
2022,39,2.3322
2022,42,2.7392
2022,45,3.2372
2023,0,0.0
2023,3,0.0
2023,6,0.002
2023,9,0.008
2023,12,0.0598
2023,15,0.1833
2023,18,0.3407
2023,21,0.6016
2023,24,1.02
2023,27,1.4204
2023,30,1.8427
2023,33,2.3886
2024,0,0.0
2024,3,0.0
2024,6,0.0017
2024,9,0.0117
2024,12,0.0666
2024,15,0.1483
2024,18,0.2882
2024,21,0.5031
2025,0,0.0
2025,3,0.0
2025,6,0.0
2025,9,0.005
