cohorte,dimension,nivel,en_riesgo
1991,global,todos,16326
1992,global,todos,21160
1993,global,todos,23367
1994,global,todos,32131
1995,global,todos,48699
1996,global,todos,39744
1997,global,todos,38823
1998,global,todos,36018
1999,global,todos,37096
2000,global,todos,37600
2001,global,todos,37323
2002,global,todos,45184
2003,global,todos,59119
2004,global,todos,71283
2005,global,todos,84436
2006,global,todos,86570
2007,global,todos,88270
2008,global,todos,61636
2009,global,todos,36636
2010,global,todos,39913
2011,global,todos,45628
2012,global,todos,38889
2013,global,todos,40416
2014,global,todos,45962
2015,global,todos,55421
2016,global,todos,56789
2017,global,todos,56079
2018,global,todos,54195
2019,global,todos,45671
2020,global,todos,36464
2021,global,todos,45165
2022,global,todos,41764
2023,global,todos,50197
2024,global,todos,60032
2025,global,todos,60290
1991,importe,01 Q1 menor,4082
1991,importe,02 Q2,4082
1991,importe,03 Q3,4081
1991,importe,04 Q4 mayor,4081
1992,importe,01 Q1 menor,5290
1992,importe,02 Q2,5290
1992,importe,03 Q3,5290
1992,importe,04 Q4 mayor,5290
1993,importe,01 Q1 menor,5842
1993,importe,02 Q2,5842
1993,importe,03 Q3,5842
1993,importe,04 Q4 mayor,5841
1994,importe,01 Q1 menor,8033
1994,importe,02 Q2,8033
1994,importe,03 Q3,8033
1994,importe,04 Q4 mayor,8032
1995,importe,01 Q1 menor,12175
1995,importe,02 Q2,12175
1995,importe,03 Q3,12175
1995,importe,04 Q4 mayor,12174
1996,importe,01 Q1 menor,9936
1996,importe,02 Q2,9936
1996,importe,03 Q3,9936
1996,importe,04 Q4 mayor,9936
1997,importe,01 Q1 menor,9706
1997,importe,02 Q2,9706
1997,importe,03 Q3,9706
1997,importe,04 Q4 mayor,9705
1998,importe,01 Q1 menor,9005
1998,importe,02 Q2,9005
1998,importe,03 Q3,9004
1998,importe,04 Q4 mayor,9004
1999,importe,01 Q1 menor,9274
1999,importe,02 Q2,9274
1999,importe,03 Q3,9274
1999,importe,04 Q4 mayor,9274
2000,importe,01 Q1 menor,9400
2000,importe,02 Q2,9400
2000,importe,03 Q3,9400
2000,importe,04 Q4 mayor,9400
2001,importe,01 Q1 menor,9331
2001,importe,02 Q2,9331
2001,importe,03 Q3,9331
2001,importe,04 Q4 mayor,9330
2002,importe,01 Q1 menor,11296
2002,importe,02 Q2,11296
2002,importe,03 Q3,11296
2002,importe,04 Q4 mayor,11296
2003,importe,01 Q1 menor,14780
2003,importe,02 Q2,14780
2003,importe,03 Q3,14780
2003,importe,04 Q4 mayor,14779
2004,importe,01 Q1 menor,17821
2004,importe,02 Q2,17821
2004,importe,03 Q3,17821
2004,importe,04 Q4 mayor,17820
2005,importe,01 Q1 menor,21109
2005,importe,02 Q2,21109
2005,importe,03 Q3,21109
2005,importe,04 Q4 mayor,21109
2006,importe,01 Q1 menor,21643
2006,importe,02 Q2,21643
2006,importe,03 Q3,21642
2006,importe,04 Q4 mayor,21642
2007,importe,01 Q1 menor,22068
2007,importe,02 Q2,22068
2007,importe,03 Q3,22067
2007,importe,04 Q4 mayor,22067
2008,importe,01 Q1 menor,15409
2008,importe,02 Q2,15409
2008,importe,03 Q3,15409
2008,importe,04 Q4 mayor,15409
2009,importe,01 Q1 menor,9159
2009,importe,02 Q2,9159
2009,importe,03 Q3,9159
2009,importe,04 Q4 mayor,9159
2010,importe,01 Q1 menor,9979
2010,importe,02 Q2,9978
2010,importe,03 Q3,9978
2010,importe,04 Q4 mayor,9978
2011,importe,01 Q1 menor,11407
2011,importe,02 Q2,11407
2011,importe,03 Q3,11407
2011,importe,04 Q4 mayor,11407
2012,importe,01 Q1 menor,9723
2012,importe,02 Q2,9722
2012,importe,03 Q3,9722
2012,importe,04 Q4 mayor,9722
2013,importe,01 Q1 menor,10104
2013,importe,02 Q2,10104
2013,importe,03 Q3,10104
2013,importe,04 Q4 mayor,10104
2014,importe,01 Q1 menor,11491
2014,importe,02 Q2,11491
2014,importe,03 Q3,11490
2014,importe,04 Q4 mayor,11490
2015,importe,01 Q1 menor,13856
2015,importe,02 Q2,13855
2015,importe,03 Q3,13855
2015,importe,04 Q4 mayor,13855
2016,importe,01 Q1 menor,14198
2016,importe,02 Q2,14197
2016,importe,03 Q3,14197
2016,importe,04 Q4 mayor,14197
2017,importe,01 Q1 menor,14020
2017,importe,02 Q2,14020
2017,importe,03 Q3,14020
2017,importe,04 Q4 mayor,14019
2018,importe,01 Q1 menor,13549
2018,importe,02 Q2,13549
2018,importe,03 Q3,13549
2018,importe,04 Q4 mayor,13548
2019,importe,01 Q1 menor,11418
2019,importe,02 Q2,11418
2019,importe,03 Q3,11418
2019,importe,04 Q4 mayor,11417
2020,importe,01 Q1 menor,9116
2020,importe,02 Q2,9116
2020,importe,03 Q3,9116
2020,importe,04 Q4 mayor,9116
2021,importe,01 Q1 menor,11292
2021,importe,02 Q2,11291
2021,importe,03 Q3,11291
2021,importe,04 Q4 mayor,11291
2022,importe,01 Q1 menor,10441
2022,importe,02 Q2,10441
2022,importe,03 Q3,10441
2022,importe,04 Q4 mayor,10441
2023,importe,01 Q1 menor,12550
2023,importe,02 Q2,12549
2023,importe,03 Q3,12549
2023,importe,04 Q4 mayor,12549
2024,importe,01 Q1 menor,15008
2024,importe,02 Q2,15008
2024,importe,03 Q3,15008
2024,importe,04 Q4 mayor,15008
2025,importe,01 Q1 menor,15073
2025,importe,02 Q2,15073
2025,importe,03 Q3,15072
2025,importe,04 Q4 mayor,15072
1991,plazo,01 <= 7a,7138
1991,plazo,02 7-10a,3076
1991,plazo,03 10-20a,3795
1991,plazo,04 > 20a,2295
1991,plazo,unknown,22
1992,plazo,01 <= 7a,9027
1992,plazo,02 7-10a,3769
1992,plazo,03 10-20a,5459
1992,plazo,04 > 20a,2892
1992,plazo,unknown,13
1993,plazo,01 <= 7a,9975
1993,plazo,02 7-10a,4070
1993,plazo,03 10-20a,6206
1993,plazo,04 > 20a,3103
1993,plazo,unknown,13
1994,plazo,01 <= 7a,15595
1994,plazo,02 7-10a,5434
1994,plazo,03 10-20a,7200
1994,plazo,04 > 20a,3875
1994,plazo,unknown,27
1995,plazo,01 <= 7a,28784
1995,plazo,02 7-10a,8220
1995,plazo,03 10-20a,7526
1995,plazo,04 > 20a,4119
1995,plazo,unknown,50
1996,plazo,01 <= 7a,22861
1996,plazo,02 7-10a,7017
1996,plazo,03 10-20a,5772
1996,plazo,04 > 20a,4052
1996,plazo,unknown,42
1997,plazo,01 <= 7a,20684
1997,plazo,02 7-10a,7073
1997,plazo,03 10-20a,5869
1997,plazo,04 > 20a,5165
1997,plazo,unknown,32
1998,plazo,01 <= 7a,19145
1998,plazo,02 7-10a,6489
1998,plazo,03 10-20a,5489
1998,plazo,04 > 20a,4862
1998,plazo,unknown,33
1999,plazo,01 <= 7a,18878
1999,plazo,02 7-10a,6876
1999,plazo,03 10-20a,5843
1999,plazo,04 > 20a,5459
1999,plazo,unknown,40
2000,plazo,01 <= 7a,19838
2000,plazo,02 7-10a,6970
2000,plazo,03 10-20a,5419
2000,plazo,04 > 20a,5335
2000,plazo,unknown,38
2001,plazo,01 <= 7a,21260
2001,plazo,02 7-10a,6852
2001,plazo,03 10-20a,4804
2001,plazo,04 > 20a,4370
2001,plazo,unknown,37
2002,plazo,01 <= 7a,26343
2002,plazo,02 7-10a,7616
2002,plazo,03 10-20a,5700
2002,plazo,04 > 20a,5455
2002,plazo,unknown,70
2003,plazo,01 <= 7a,40863
2003,plazo,02 7-10a,7852
2003,plazo,03 10-20a,5515
2003,plazo,04 > 20a,4790
2003,plazo,unknown,99
2004,plazo,01 <= 7a,51293
2004,plazo,02 7-10a,8665
2004,plazo,03 10-20a,6083
2004,plazo,04 > 20a,5137
2004,plazo,unknown,105
2005,plazo,01 <= 7a,63401
2005,plazo,02 7-10a,9994
2005,plazo,03 10-20a,6171
2005,plazo,04 > 20a,4749
2005,plazo,unknown,121
2006,plazo,01 <= 7a,67191
2006,plazo,02 7-10a,10031
2006,plazo,03 10-20a,5494
2006,plazo,04 > 20a,3678
2006,plazo,unknown,176
2007,plazo,01 <= 7a,67794
2007,plazo,02 7-10a,12197
2007,plazo,03 10-20a,5149
2007,plazo,04 > 20a,2995
2007,plazo,unknown,135
2008,plazo,01 <= 7a,42922
2008,plazo,02 7-10a,10765
2008,plazo,03 10-20a,4622
2008,plazo,04 > 20a,3229
2008,plazo,unknown,98
2009,plazo,01 <= 7a,22355
2009,plazo,02 7-10a,7953
2009,plazo,03 10-20a,3317
2009,plazo,04 > 20a,2970
2009,plazo,unknown,41
2010,plazo,01 <= 7a,23020
2010,plazo,02 7-10a,9304
2010,plazo,03 10-20a,3732
2010,plazo,04 > 20a,3837
2010,plazo,unknown,20
2011,plazo,01 <= 7a,26437
2011,plazo,02 7-10a,9092
2011,plazo,03 10-20a,4705
2011,plazo,04 > 20a,5356
2011,plazo,unknown,38
2012,plazo,01 <= 7a,22785
2012,plazo,02 7-10a,7744
2012,plazo,03 10-20a,3509
2012,plazo,04 > 20a,4822
2012,plazo,unknown,29
2013,plazo,01 <= 7a,22257
2013,plazo,02 7-10a,8410
2013,plazo,03 10-20a,3915
2013,plazo,04 > 20a,5818
2013,plazo,unknown,16
2014,plazo,01 <= 7a,26522
2014,plazo,02 7-10a,9194
2014,plazo,03 10-20a,3917
2014,plazo,04 > 20a,6310
2014,plazo,unknown,19
2015,plazo,01 <= 7a,31769
2015,plazo,02 7-10a,11377
2015,plazo,03 10-20a,4584
2015,plazo,04 > 20a,7657
2015,plazo,unknown,34
2016,plazo,01 <= 7a,31352
2016,plazo,02 7-10a,12493
2016,plazo,03 10-20a,4935
2016,plazo,04 > 20a,7980
2016,plazo,unknown,29
2017,plazo,01 <= 7a,28572
2017,plazo,02 7-10a,14432
2017,plazo,03 10-20a,4858
2017,plazo,04 > 20a,8195
2017,plazo,unknown,22
2018,plazo,01 <= 7a,19171
2018,plazo,02 7-10a,23196
2018,plazo,03 10-20a,4413
2018,plazo,04 > 20a,7391
2018,plazo,unknown,24
2019,plazo,01 <= 7a,11891
2019,plazo,02 7-10a,23876
2019,plazo,03 10-20a,3748
2019,plazo,04 > 20a,6149
2019,plazo,unknown,7
2020,plazo,01 <= 7a,9725
2020,plazo,02 7-10a,17820
2020,plazo,03 10-20a,2971
2020,plazo,04 > 20a,5940
2020,plazo,unknown,8
2021,plazo,01 <= 7a,8375
2021,plazo,02 7-10a,21267
2021,plazo,03 10-20a,4339
2021,plazo,04 > 20a,11182
2021,plazo,unknown,2
2022,plazo,01 <= 7a,7696
2022,plazo,02 7-10a,23534
2022,plazo,03 10-20a,3470
2022,plazo,04 > 20a,7062
2022,plazo,unknown,2
2023,plazo,01 <= 7a,7054
2023,plazo,02 7-10a,33314
2023,plazo,03 10-20a,3761
2023,plazo,04 > 20a,6068
2024,plazo,01 <= 7a,7390
2024,plazo,02 7-10a,43375
2024,plazo,03 10-20a,3234
2024,plazo,04 > 20a,6033
2025,plazo,01 <= 7a,6852
2025,plazo,02 7-10a,43211
2025,plazo,03 10-20a,3615
2025,plazo,04 > 20a,6612
2001,sector,11,432
2001,sector,21,73
2001,sector,22,29
2001,sector,23,2623
2001,sector,31-33,4205
2001,sector,42,2258
2001,sector,44-45,7561
2001,sector,48-49,1015
2001,sector,51,589
2001,sector,52,368
2001,sector,53,552
2001,sector,54,2842
2001,sector,55,17
2001,sector,56,1738
2001,sector,61,354
2001,sector,62,2777
2001,sector,71,728
2001,sector,72,5117
2001,sector,81,3982
2001,sector,unknown,63
2002,sector,11,535
2002,sector,21,86
2002,sector,22,33
2002,sector,23,3078
2002,sector,31-33,4382
2002,sector,42,2658
2002,sector,44-45,8846
2002,sector,48-49,1295
2002,sector,51,654
2002,sector,52,504
2002,sector,53,675
2002,sector,54,3722
2002,sector,55,12
2002,sector,56,2197
2002,sector,61,422
2002,sector,62,3608
2002,sector,71,908
2002,sector,72,6564
2002,sector,81,5005
2003,sector,11,452
2003,sector,21,84
2003,sector,22,44
2003,sector,23,3961
2003,sector,31-33,5557
2003,sector,42,3652
2003,sector,44-45,11174
2003,sector,48-49,1740
2003,sector,51,925
2003,sector,52,851
2003,sector,53,1081
2003,sector,54,5881
2003,sector,55,18
2003,sector,56,3310
2003,sector,61,663
2003,sector,62,4519
2003,sector,71,1151
2003,sector,72,7469
2003,sector,81,6585
2003,sector,92,2
2004,sector,11,488
2004,sector,21,111
2004,sector,22,79
2004,sector,23,5667
2004,sector,31-33,6148
2004,sector,42,4648
2004,sector,44-45,13872
2004,sector,48-49,2246
2004,sector,51,1283
2004,sector,52,1130
2004,sector,53,1397
2004,sector,54,6726
2004,sector,55,9
2004,sector,56,4008
2004,sector,61,744
2004,sector,62,5139
2004,sector,71,1502
2004,sector,72,8631
2004,sector,81,7448
2004,sector,92,7
2005,sector,11,481
2005,sector,21,139
2005,sector,22,67
2005,sector,23,8173
2005,sector,31-33,6879
2005,sector,42,5078
2005,sector,44-45,16076
2005,sector,48-49,3011
2005,sector,51,1655
2005,sector,52,1368
2005,sector,53,1713
2005,sector,54,8125
2005,sector,55,19
2005,sector,56,4806
2005,sector,61,1009
2005,sector,62,5747
2005,sector,71,1752
2005,sector,72,9580
2005,sector,81,8742
2005,sector,92,16
2006,sector,11,462
2006,sector,21,147
2006,sector,22,62
2006,sector,23,9649
2006,sector,31-33,6409
2006,sector,42,5026
2006,sector,44-45,15653
2006,sector,48-49,3752
2006,sector,51,1524
2006,sector,52,1491
2006,sector,53,2132
2006,sector,54,8632
2006,sector,55,23
2006,sector,56,4813
2006,sector,61,999
2006,sector,62,5482
2006,sector,71,1764
2006,sector,72,9720
2006,sector,81,8805
2006,sector,92,25
2007,sector,11,383
2007,sector,21,171
2007,sector,22,68
2007,sector,23,9666
2007,sector,31-33,6298
2007,sector,42,4858
2007,sector,44-45,15594
2007,sector,48-49,4071
2007,sector,51,1554
2007,sector,52,1727
2007,sector,53,2694
2007,sector,54,9143
2007,sector,55,19
2007,sector,56,4878
2007,sector,61,1118
2007,sector,62,5513
2007,sector,71,1838
2007,sector,72,9836
2007,sector,81,8819
2007,sector,92,22
2008,sector,11,334
2008,sector,21,138
2008,sector,22,52
2008,sector,23,6187
2008,sector,31-33,4513
2008,sector,42,3120
2008,sector,44-45,10410
2008,sector,48-49,2459
2008,sector,51,1021
2008,sector,52,995
2008,sector,53,1459
2008,sector,54,6910
2008,sector,55,13
2008,sector,56,3095
2008,sector,61,844
2008,sector,62,4668
2008,sector,71,1535
2008,sector,72,7591
2008,sector,81,6276
2008,sector,92,16
2009,sector,11,600
2009,sector,21,95
2009,sector,22,30
2009,sector,23,3679
2009,sector,31-33,3181
2009,sector,42,1873
2009,sector,44-45,5810
2009,sector,48-49,1322
2009,sector,51,579
2009,sector,52,600
2009,sector,53,733
2009,sector,54,4147
2009,sector,55,8
2009,sector,56,1656
2009,sector,61,499
2009,sector,62,3620
2009,sector,71,721
2009,sector,72,4203
2009,sector,81,3272
2009,sector,92,7
2009,sector,unknown,1
2010,sector,11,760
2010,sector,21,109
2010,sector,22,45
2010,sector,23,3875
2010,sector,31-33,3530
2010,sector,42,2262
2010,sector,44-45,6118
2010,sector,48-49,1394
2010,sector,51,556
2010,sector,52,647
2010,sector,53,803
2010,sector,54,4472
2010,sector,55,8
2010,sector,56,1829
2010,sector,61,572
2010,sector,62,4426
2010,sector,71,695
2010,sector,72,4383
2010,sector,81,3422
2010,sector,92,6
2010,sector,unknown,1
2011,sector,11,976
2011,sector,21,133
2011,sector,22,30
2011,sector,23,4233
2011,sector,31-33,4388
2011,sector,42,2807
2011,sector,44-45,6803
2011,sector,48-49,1660
2011,sector,51,650
2011,sector,52,594
2011,sector,53,973
2011,sector,54,4881
2011,sector,55,27
2011,sector,56,1949
2011,sector,61,573
2011,sector,62,4804
2011,sector,71,1001
2011,sector,72,5506
2011,sector,81,3635
2011,sector,92,5
2012,sector,11,607
2012,sector,21,167
2012,sector,22,33
2012,sector,23,3836
2012,sector,31-33,3440
2012,sector,42,2404
2012,sector,44-45,5758
2012,sector,48-49,1520
2012,sector,51,502
2012,sector,52,528
2012,sector,53,781
2012,sector,54,4101
2012,sector,55,15
2012,sector,56,1628
2012,sector,61,438
2012,sector,62,3996
2012,sector,71,959
2012,sector,72,4798
2012,sector,81,3370
2012,sector,92,7
2012,sector,unknown,1
2013,sector,11,670
2013,sector,21,122
2013,sector,22,30
2013,sector,23,3887
2013,sector,31-33,3500
2013,sector,42,2502
2013,sector,44-45,5773
2013,sector,48-49,1780
2013,sector,51,511
2013,sector,52,577
2013,sector,53,821
2013,sector,54,4031
2013,sector,55,18
2013,sector,56,1681
2013,sector,61,527
2013,sector,62,3824
2013,sector,71,1076
2013,sector,72,5463
2013,sector,81,3613
2013,sector,92,10
2014,sector,11,742
2014,sector,21,174
2014,sector,22,46
2014,sector,23,4728
2014,sector,31-33,3767
2014,sector,42,2545
2014,sector,44-45,6282
2014,sector,48-49,2610
2014,sector,51,541
2014,sector,52,749
2014,sector,53,968
2014,sector,54,4463
2014,sector,55,25
2014,sector,56,2060
2014,sector,61,594
2014,sector,62,4245
2014,sector,71,1252
2014,sector,72,6078
2014,sector,81,4084
2014,sector,92,9
2015,sector,11,1002
2015,sector,21,142
2015,sector,22,30
2015,sector,23,5863
2015,sector,31-33,4222
2015,sector,42,2914
2015,sector,44-45,7561
2015,sector,48-49,3388
2015,sector,51,698
2015,sector,52,913
2015,sector,53,1259
2015,sector,54,5475
2015,sector,55,28
2015,sector,56,2568
2015,sector,61,718
2015,sector,62,4973
2015,sector,71,1597
2015,sector,72,6995
2015,sector,81,5061
2015,sector,92,14
2016,sector,11,1034
2016,sector,21,126
2016,sector,22,49
2016,sector,23,6031
2016,sector,31-33,4231
2016,sector,42,2627
2016,sector,44-45,7510
2016,sector,48-49,3173
2016,sector,51,621
2016,sector,52,1125
2016,sector,53,1284
2016,sector,54,5728
2016,sector,55,51
2016,sector,56,2766
2016,sector,61,822
2016,sector,62,5200
2016,sector,71,1798
2016,sector,72,7466
2016,sector,81,5141
2016,sector,92,6
2017,sector,11,814
2017,sector,21,152
2017,sector,22,48
2017,sector,23,6183
2017,sector,31-33,4048
2017,sector,42,2615
2017,sector,44-45,7342
2017,sector,48-49,3149
2017,sector,51,590
2017,sector,52,1105
2017,sector,53,1302
2017,sector,54,5253
2017,sector,55,62
2017,sector,56,2773
2017,sector,61,787
2017,sector,62,4917
2017,sector,71,1950
2017,sector,72,7770
2017,sector,81,5209
2017,sector,92,10
2018,sector,11,740
2018,sector,21,133
2018,sector,22,57
2018,sector,23,6313
2018,sector,31-33,3708
2018,sector,42,2519
2018,sector,44-45,6699
2018,sector,48-49,3681
2018,sector,51,569
2018,sector,52,1063
2018,sector,53,1252
2018,sector,54,4878
2018,sector,55,51
2018,sector,56,2621
2018,sector,61,856
2018,sector,62,4467
2018,sector,71,1883
2018,sector,72,7707
2018,sector,81,4987
2018,sector,92,11
2019,sector,11,470
2019,sector,21,115
2019,sector,22,34
2019,sector,23,5225
2019,sector,31-33,3127
2019,sector,42,2017
2019,sector,44-45,5814
2019,sector,48-49,2932
2019,sector,51,417
2019,sector,52,860
2019,sector,53,1003
2019,sector,54,4041
2019,sector,55,27
2019,sector,56,2284
2019,sector,61,797
2019,sector,62,3855
2019,sector,71,1834
2019,sector,72,6485
2019,sector,81,4331
2019,sector,92,3
2020,sector,11,447
2020,sector,21,69
2020,sector,22,58
2020,sector,23,4380
2020,sector,31-33,2585
2020,sector,42,1590
2020,sector,44-45,4758
2020,sector,48-49,2465
2020,sector,51,374
2020,sector,52,889
2020,sector,53,944
2020,sector,54,3192
2020,sector,55,17
2020,sector,56,2021
2020,sector,61,477
2020,sector,62,3169
2020,sector,71,1125
2020,sector,72,4639
2020,sector,81,3258
2020,sector,92,7
2021,sector,11,717
2021,sector,21,106
2021,sector,22,80
2021,sector,23,4637
2021,sector,31-33,3312
2021,sector,42,2042
2021,sector,44-45,6609
2021,sector,48-49,2863
2021,sector,51,403
2021,sector,52,1058
2021,sector,53,1369
2021,sector,54,3769
2021,sector,55,46
2021,sector,56,2421
2021,sector,61,565
2021,sector,62,4531
2021,sector,71,1171
2021,sector,72,5560
2021,sector,81,3896
2021,sector,92,10
2022,sector,11,523
2022,sector,21,99
2022,sector,22,65
2022,sector,23,5036
2022,sector,31-33,2724
2022,sector,42,1797
2022,sector,44-45,5213
2022,sector,48-49,3021
2022,sector,51,371
2022,sector,52,865
2022,sector,53,1193
2022,sector,54,3530
2022,sector,55,36
2022,sector,56,2251
2022,sector,61,626
2022,sector,62,3816
2022,sector,71,1298
2022,sector,72,5496
2022,sector,81,3791
2022,sector,92,13
2023,sector,11,498
2023,sector,21,76
2023,sector,22,51
2023,sector,23,6677
2023,sector,31-33,3007
2023,sector,42,2232
2023,sector,44-45,6122
2023,sector,48-49,3323
2023,sector,51,449
2023,sector,52,801
2023,sector,53,1284
2023,sector,54,4603
2023,sector,55,13
2023,sector,56,2919
2023,sector,61,718
2023,sector,62,4385
2023,sector,71,1815
2023,sector,72,6545
2023,sector,81,4673
2023,sector,92,6
2024,sector,11,520
2024,sector,21,65
2024,sector,22,79
2024,sector,23,8434
2024,sector,31-33,3545
2024,sector,42,2757
2024,sector,44-45,6895
2024,sector,48-49,3249
2024,sector,51,601
2024,sector,52,966
2024,sector,53,1258
2024,sector,54,6120
2024,sector,55,28
2024,sector,56,3566
2024,sector,61,927
2024,sector,62,5722
2024,sector,71,2160
2024,sector,72,7181
2024,sector,81,5931
2024,sector,92,28
2025,sector,11,507
2025,sector,21,85
2025,sector,22,75
2025,sector,23,8269
2025,sector,31-33,3447
2025,sector,42,2389
2025,sector,44-45,6881
2025,sector,48-49,2824
2025,sector,51,574
2025,sector,52,1069
2025,sector,53,1182
2025,sector,54,6283
2025,sector,55,42
2025,sector,56,3611
2025,sector,61,1028
2025,sector,62,6059
2025,sector,71,2346
2025,sector,72,7365
2025,sector,81,6236
2025,sector,92,18
